gu,rendnum,lon,lat,거치대수
마포구,101,126.905754,37.549561,5
마포구,102,126.910454,37.556,20
마포구,103,126.910835,37.554951,14
마포구,104,126.914986,37.550629,13
마포구,105,126.914825,37.550007,5
마포구,106,126.912827,37.548645,10
마포구,107,126.918503,37.55751,5
마포구,108,126.918617,37.552746,10
마포구,109,126.919983,37.547691,10
서대문구,110,126.917847,37.568199,20
마포구,111,126.923531,37.547871,10
마포구,112,126.923203,37.549202,10
마포구,113,126.923805,37.557499,25
마포구,114,126.924423,37.55706,15
서대문구,115,126.927116,37.558933,15
서대문구,116,126.927071,37.564541,5
서대문구,117,126.94133,37.59116,25
마포구,118,126.931763,37.547733,10
마포구,119,126.931053,37.545284,10
마포구,120,126.934113,37.545242,5
마포구,121,126.933174,37.549767,15
마포구,122,126.939293,37.547249,10
서대문구,123,126.947388,37.59433,20
마포구,124,126.936989,37.55114,20
마포구,125,126.93895,37.549484,15
마포구,126,126.943848,37.550411,20
마포구,127,126.936951,37.55352,15
서대문구,128,126.93634,37.555496,20
마포구,129,126.937569,37.555054,15
마포구,130,126.936157,37.554859,10
서대문구,131,126.911102,37.584171,23
서대문구,132,126.935883,37.556789,15
서대문구,133,126.908997,37.582031,15
서대문구,134,126.93808,37.557892,8
서대문구,135,126.939178,37.559101,10
마포구,136,126.942299,37.556004,7
서대문구,137,126.943184,37.556812,10
서대문구,138,126.934525,37.559177,10
서대문구,139,126.934479,37.559795,13
서대문구,140,126.940735,37.560009,20
서대문구,141,126.932648,37.562382,20
마포구,142,126.955666,37.557201,11
마포구,143,126.950218,37.544579,9
마포구,144,126.951324,37.543579,10
마포구,145,126.951637,37.54425,9
마포구,146,126.945824,37.539936,12
마포구,147,126.945915,37.539272,7
마포구,148,126.943024,37.542347,11
마포구,150,126.934341,37.552956,15
마포구,151,126.905548,37.555687,10
마포구,152,126.898018,37.55661,30
마포구,153,126.912613,37.564697,12
마포구,154,126.905495,37.560909,13
마포구,155,126.914513,37.56855,15
마포구,156,126.955147,37.549904,10
마포구,157,126.956688,37.553001,12
서대문구,158,126.96048,37.571259,15
서대문구,159,126.946342,37.556953,7
서대문구,160,126.959381,37.557549,20
서대문구,161,126.950645,37.582245,8
서대문구,162,126.946243,37.565269,15
서대문구,163,126.924965,37.583698,7
서대문구,164,126.910049,37.574478,10
서대문구,165,126.91394,37.575138,20
서대문구,166,126.919678,37.573277,20
서대문구,167,126.91713,37.57946,15
서대문구,168,126.918053,37.574821,20
서대문구,169,126.907799,37.573002,15
서대문구,170,126.922447,37.573112,10
서대문구,171,126.969254,37.562134,10
서대문구,172,126.935722,37.573254,8
서대문구,173,126.966148,37.564777,8
서대문구,174,126.923447,37.580589,10
서대문구,175,126.930817,37.578072,20
서대문구,176,126.924026,37.581097,10
서대문구,177,126.909805,37.577675,8
서대문구,178,126.906349,37.579876,10
서대문구,179,126.914795,37.569122,15
서대문구,180,126.962463,37.559967,10
마포구,181,126.902672,37.551342,15
마포구,182,126.902847,37.551567,10
마포구,183,126.919395,37.565166,15
마포구,184,126.907753,37.558949,9
마포구,185,126.934296,37.542545,15
마포구,186,126.898209,37.563965,40
서대문구,188,126.935127,37.586388,10
서대문구,191,126.910736,37.578892,10
서대문구,192,126.923065,37.572227,10
서대문구,194,126.902969,37.577316,10
서대문구,195,126.917809,37.567657,10
서대문구,196,126.925896,37.56612,10
서대문구,198,126.963776,37.562138,15
마포구,199,126.896446,37.566845,30
영등포구,200,126.914925,37.528728,20
영등포구,201,126.921333,37.531239,15
영등포구,202,126.92453,37.528816,30
영등포구,203,126.918701,37.528057,15
영등포구,204,126.917023,37.528164,13
영등포구,205,126.920509,37.526264,20
영등포구,206,126.918022,37.524666,35
영등포구,207,126.932098,37.526989,40
영등포구,209,126.927834,37.524612,12
영등포구,210,126.925537,37.526066,21
영등포구,211,126.924637,37.522228,13
영등포구,212,126.923462,37.521362,35
영등포구,213,126.918953,37.521908,15
영등포구,214,126.920837,37.523022,20
영등포구,215,126.934906,37.524837,10
영등포구,216,126.932899,37.523491,10
영등포구,217,126.930367,37.522079,10
영등포구,218,126.929237,37.523277,20
영등포구,219,126.925835,37.520695,12
영등포구,220,126.926048,37.519363,30
영등포구,221,126.93779,37.522675,10
영등포구,222,126.938881,37.520271,12
영등포구,223,126.933167,37.519314,20
영등포구,224,126.932365,37.520088,20
영등포구,225,126.929253,37.517368,26
영등포구,226,126.928413,37.517765,20
영등포구,227,126.888359,37.544666,10
영등포구,228,126.894508,37.53846,10
영등포구,229,126.892181,37.535873,20
영등포구,230,126.896217,37.524635,10
영등포구,231,126.891823,37.524506,10
영등포구,232,126.887817,37.52565,20
영등포구,233,126.891647,37.528488,10
영등포구,234,126.905846,37.500462,10
영등포구,235,126.910233,37.504566,10
영등포구,236,126.894615,37.516155,10
영등포구,237,126.914803,37.496513,20
영등포구,238,126.902756,37.526386,10
영등포구,239,126.903282,37.525852,20
영등포구,240,126.895576,37.518738,10
영등포구,241,126.898483,37.505329,10
영등포구,242,126.910225,37.510933,15
영등포구,243,126.89138,37.527084,15
영등포구,244,126.905708,37.530079,20
영등포구,245,126.896629,37.528263,10
영등포구,247,126.902107,37.533688,19
영등포구,248,126.92421,37.531055,10
영등포구,249,126.936546,37.52412,8
영등포구,250,126.92308,37.507641,10
영등포구,251,126.921951,37.504494,10
영등포구,252,126.920036,37.499977,10
영등포구,253,126.909515,37.500648,10
영등포구,254,126.903419,37.503803,10
영등포구,255,126.901131,37.506573,10
영등포구,256,126.8993,37.509476,10
영등포구,257,126.919357,37.513844,10
영등포구,258,126.914299,37.517693,14
영등포구,259,126.925934,37.513592,17
영등포구,260,126.912491,37.533817,15
영등포구,262,126.889183,37.519928,12
영등포구,263,126.888626,37.517151,12
영등포구,264,126.891617,37.521931,15
영등포구,265,126.896538,37.521133,15
영등포구,266,126.901192,37.520294,10
영등포구,267,126.8983,37.535961,10
영등포구,268,126.900002,37.534718,10
영등포구,270,126.927101,37.522343,10
영등포구,271,126.921616,37.518963,10
영등포구,272,126.903679,37.535339,20
영등포구,274,126.90799,37.516651,10
영등포구,275,126.885651,37.522816,10
영등포구,276,126.912636,37.518284,10
영등포구,277,126.905167,37.520119,10
영등포구,278,126.895233,37.507931,10
영등포구,279,126.904465,37.513229,15
영등포구,280,126.89444,37.532101,10
영등포구,281,126.893982,37.498241,8
영등포구,282,126.904877,37.48753,10
영등포구,283,126.907219,37.522518,15
영등포구,284,126.902229,37.518211,12
영등포구,285,126.89724,37.499859,8
영등포구,286,126.89975,37.494572,8
영등포구,287,126.905739,37.525768,10
영등포구,288,126.893387,37.528099,10
영등포구,289,126.898003,37.499809,10
영등포구,290,126.897827,37.531509,12
영등포구,291,126.89888,37.513851,14
영등포구,292,126.904068,37.51012,10
영등포구,293,126.907578,37.529171,15
중구,300,126.969231,37.56805,7
종로구,301,126.971451,37.575794,16
종로구,302,126.97406,37.575947,12
종로구,303,126.974922,37.571732,8
종로구,304,126.977577,37.572113,7
종로구,305,126.978355,37.572582,16
종로구,306,126.976433,37.570808,9
종로구,307,126.9711,37.57,11
종로구,308,126.973938,37.569969,10
종로구,309,126.976456,37.569889,13
중구,310,126.97747,37.568878,10
중구,311,126.97747,37.566612,35
중구,312,126.976738,37.564674,7
중구,313,126.971771,37.556961,5
종로구,314,126.980858,37.579708,10
종로구,315,126.983063,37.57597,9
종로구,316,126.981789,37.570396,12
중구,318,126.982552,37.568527,10
중구,320,126.983589,37.566223,20
중구,321,126.984138,37.565464,15
중구,322,126.986969,37.564476,15
중구,324,126.9804,37.56134,10
종로구,326,126.98616,37.576241,20
종로구,327,126.987465,37.573357,10
종로구,328,126.98819,37.570396,11
종로구,329,126.987892,37.568344,8
중구,330,126.984978,37.568165,12
중구,331,126.987206,37.566383,10
중구,332,126.987793,37.56599,5
종로구,334,126.991791,37.570599,10
종로구,335,126.991257,37.570198,10
중구,336,126.992836,37.562618,10
종로구,337,126.996475,37.578979,5
종로구,338,126.997124,37.570957,18
종로구,339,126.998192,37.571068,10
종로구,340,127.000679,37.585629,8
종로구,341,127.001785,37.58157,10
종로구,342,127.002533,37.579784,10
종로구,343,127.004982,37.575432,12
종로구,344,127.006721,37.574036,10
종로구,345,127.00071,37.573307,15
중구,346,127.00988,37.569183,10
중구,347,127.007843,37.565331,18
종로구,348,126.960785,37.572029,14
종로구,349,126.96859,37.576332,7
종로구,351,126.970619,37.585079,8
종로구,352,126.985237,37.583416,15
종로구,353,126.984947,37.579388,8
종로구,354,126.98896,37.579155,10
종로구,355,127.002457,37.576508,15
종로구,356,127.00206,37.577145,15
종로구,358,126.998535,37.5825,13
종로구,359,126.997681,37.576061,8
종로구,361,127.015907,37.573242,10
종로구,362,127.022705,37.572224,10
종로구,363,127.022835,37.57576,10
종로구,364,127.015083,37.579334,8
종로구,367,126.958694,37.573849,8
종로구,368,126.980537,37.569248,12
종로구,369,126.9785,37.575493,20
중구,370,126.974838,37.563229,8
중구,371,127.005539,37.558872,10
중구,372,127.0112,37.554295,10
중구,373,127.013855,37.555859,8
중구,374,127.014076,37.560474,10
중구,375,127.018425,37.563717,8
중구,377,126.973007,37.557217,10
중구,378,127.016953,37.569805,10
중구,379,126.973358,37.556,7
중구,380,127.002747,37.563866,8
중구,381,127.006989,37.558533,10
중구,382,127.010048,37.555199,7
중구,383,127.016403,37.565849,17
중구,384,126.968506,37.55978,10
종로구,385,126.982658,37.569836,10
종로구,386,126.99852,37.590233,10
중구,387,127.003464,37.566994,10
종로구,388,127.00161,37.585735,10
중구,389,126.996605,37.56673,10
중구,390,126.995354,37.56139,10
중구,391,126.973305,37.565437,8
종로구,393,127.009377,37.570141,10
종로구,394,126.965919,37.56749,15
종로구,395,126.964561,37.568855,8
종로구,397,126.996635,37.57048,13
중구,398,126.992439,37.566559,8
중구,399,126.966087,37.554482,15
마포구,400,126.883003,37.587524,15
마포구,401,126.881615,37.586189,15
마포구,402,126.879822,37.582855,20
마포구,403,126.884727,37.58559,20
마포구,405,126.885788,37.582657,8
마포구,406,126.880585,37.581314,15
마포구,407,126.883675,37.580631,8
마포구,408,126.88665,37.580811,20
마포구,409,126.88916,37.579399,25
마포구,410,126.887772,37.577496,10
마포구,411,126.891472,37.577995,9
마포구,412,126.890739,37.575802,20
마포구,413,126.889687,37.571476,9
마포구,414,126.89447,37.57822,8
마포구,415,126.897362,37.577469,10
마포구,416,126.894447,37.575665,12
마포구,417,126.899918,37.575069,20
마포구,418,126.898979,37.570721,10
마포구,419,126.899429,37.56842,21
마포구,420,126.896179,37.566246,40
마포구,421,126.901184,37.565903,8
마포구,422,126.894424,37.569084,13
마포구,424,126.898048,37.57362,15
마포구,425,126.885597,37.584503,10
마포구,426,126.954178,37.549061,10
마포구,427,126.903816,37.569584,10
중구,428,126.991432,37.5644,10
중구,429,127.007347,37.549889,8
중구,430,127.006264,37.562172,8
중구,431,127.019524,37.5709,15
마포구,432,126.908203,37.563339,10
중구,433,126.982338,37.566502,10
중구,434,127.023933,37.561489,10
중구,435,126.975616,37.556862,10
마포구,436,126.94619,37.556591,10
마포구,437,126.941383,37.54821,12
마포구,438,126.906769,37.56472,15
마포구,439,126.944038,37.535751,10
종로구,446,126.957832,37.600128,10
종로구,447,126.961945,37.603992,10
종로구,449,126.972862,37.608719,10
종로구,450,126.972549,37.583603,20
종로구,451,126.979668,37.583515,13
종로구,452,127.00441,37.571239,13
종로구,453,127.000671,37.57114,10
종로구,454,126.986382,37.570358,13
종로구,455,127.006058,37.570961,8
종로구,456,127.019829,37.574471,10
종로구,457,127.00721,37.57132,10
종로구,458,126.977539,37.569939,11
종로구,461,126.972366,37.574364,10
광진구,500,127.074272,37.54707,10
광진구,501,127.070351,37.537308,15
광진구,502,127.067192,37.53186,27
광진구,503,127.073593,37.536667,15
광진구,504,127.075935,37.53297,9
광진구,505,127.082245,37.53701,10
성동구,506,127.057793,37.549061,7
성동구,507,127.057114,37.548203,7
성동구,508,127.05751,37.545166,10
성동구,509,127.052589,37.539654,20
성동구,510,127.0438,37.541222,10
성동구,511,127.044609,37.544582,16
성동구,512,127.045006,37.548561,15
성동구,513,127.049805,37.546307,13
성동구,514,127.063309,37.54258,7
광진구,515,127.08683,37.530235,10
광진구,516,127.069366,37.548405,10
성동구,518,127.035355,37.571526,20
성동구,519,127.029915,37.566994,20
성동구,520,127.030319,37.563858,10
성동구,521,127.03492,37.561447,14
성동구,522,127.016426,37.548641,9
성동구,523,127.014061,37.543663,11
성동구,524,127.025055,37.5522,10
성동구,525,127.040352,37.558052,20
성동구,526,127.056725,37.563511,10
성동구,529,127.06366,37.561371,15
성동구,530,127.030403,37.568748,9
성동구,533,127.021088,37.548149,7
성동구,534,127.025726,37.548634,20
성동구,535,127.033592,37.553986,16
성동구,536,127.029213,37.55735,8
성동구,537,127.041397,37.560356,10
성동구,538,127.051155,37.56765,15
광진구,539,127.074203,37.559795,10
광진구,540,127.078644,37.55603,8
광진구,542,127.094482,37.535465,19
광진구,543,127.094673,37.535969,20
광진구,544,127.102905,37.54073,20
광진구,546,127.085091,37.532478,8
광진구,548,127.07486,37.52977,20
광진구,549,127.089706,37.551224,10
성동구,550,127.03566,37.57164,15
광진구,551,127.094498,37.540062,10
광진구,552,127.092972,37.536579,10
광진구,553,127.079803,37.571255,10
광진구,555,127.092171,37.537849,10
성동구,556,127.020401,37.542053,20
성동구,557,127.025696,37.567642,10
성동구,558,127.036522,37.564606,20
성동구,559,127.036797,37.561096,10
성동구,560,127.068932,37.551205,8
성동구,561,127.04467,37.542816,10
성동구,562,127.07341,37.559246,10
성동구,563,127.062752,37.547913,10
성동구,564,127.015572,37.547928,15
성동구,565,127.017662,37.541363,20
성동구,567,127.057083,37.54459,15
성동구,568,127.02356,37.571102,10
성동구,569,127.030243,37.549583,10
광진구,571,127.07476,37.548496,20
광진구,572,127.08651,37.56538,20
광진구,573,127.084732,37.545231,10
광진구,574,127.088982,37.551849,20
광진구,575,127.086937,37.564293,10
광진구,576,127.104263,37.54483,10
광진구,577,127.106133,37.546547,10
성동구,578,127.062088,37.548286,8
성동구,579,127.041847,37.565205,8
성동구,580,127.020149,37.55439,6
성동구,581,127.054237,37.561012,13
성동구,582,127.04908,37.543179,10
성동구,583,127.04689,37.56797,20
광진구,584,127.072632,37.547829,20
성동구,585,127.055489,37.536808,9
성동구,586,127.045395,37.565941,10
성동구,587,127.052643,37.545418,10
광진구,588,127.067497,37.532688,15
성동구,589,127.056656,37.544159,8
광진구,590,127.073746,37.540089,20
광진구,591,127.075371,37.542778,5
광진구,592,127.07843,37.541763,30
광진구,593,127.077873,37.528587,5
성동구,594,127.056908,37.558365,15
동대문구,600,127.06868,37.589912,10
동대문구,601,127.037361,37.575947,10
동대문구,602,127.071388,37.572174,10
동대문구,604,127.055962,37.569656,15
동대문구,605,127.026497,37.5742,8
동대문구,606,127.07029,37.584625,6
동대문구,607,127.067863,37.602711,10
동대문구,608,127.055344,37.58131,10
동대문구,609,127.037361,37.587791,20
동대문구,610,127.052162,37.573086,10
동대문구,612,127.030815,37.573666,20
동대문구,613,127.023468,37.575272,10
동대문구,614,127.031013,37.577686,20
동대문구,615,127.03511,37.576382,20
동대문구,616,127.054367,37.582561,20
동대문구,617,127.057693,37.574203,20
동대문구,621,127.053391,37.574718,15
동대문구,622,127.057831,37.577793,15
동대문구,623,127.053856,37.583698,20
동대문구,624,127.045891,37.574188,10
동대문구,625,127.057175,37.568192,9
동대문구,626,127.070969,37.561153,10
동대문구,627,127.071907,37.578632,10
동대문구,628,127.067543,37.586815,15
동대문구,630,127.040306,37.574852,15
동대문구,631,127.051277,37.568184,15
동대문구,633,127.044823,37.580406,8
동대문구,634,127.05983,37.59602,20
동대문구,635,127.052773,37.587517,12
동대문구,636,127.042587,37.5909,10
동대문구,637,127.045792,37.591614,10
동대문구,638,127.060974,37.583008,20
동대문구,639,127.060951,37.585197,14
동대문구,640,127.044495,37.582455,6
동대문구,641,127.038536,37.573753,10
동대문구,642,127.048584,37.570156,7
동대문구,643,127.074417,37.566971,10
동대문구,646,127.064377,37.561867,10
동대문구,647,127.067268,37.602798,10
동대문구,648,127.062424,37.5667,15
동대문구,650,127.067741,37.591534,20
동대문구,651,127.048279,37.582748,10
동대문구,652,127.065941,37.57653,20
동대문구,654,127.052109,37.577621,10
동대문구,656,127.043137,37.587238,10
동대문구,657,127.04837,37.57576,13
동대문구,658,127.066147,37.572948,10
동대문구,659,127.033386,37.57835,15
동대문구,660,127.037628,37.577999,10
동대문구,661,127.051964,37.594601,10
동대문구,663,127.063026,37.594891,10
양천구,700,126.872772,37.546848,20
양천구,701,126.86393,37.532803,8
양천구,702,126.868729,37.532543,16
양천구,703,126.87558,37.524063,12
양천구,704,126.864906,37.523254,15
양천구,706,126.851753,37.521881,15
양천구,707,126.854897,37.515156,10
양천구,708,126.869965,37.51897,16
양천구,709,126.84156,37.511585,20
양천구,710,126.842537,37.510658,12
양천구,711,126.848488,37.517059,20
양천구,712,126.838318,37.516998,14
양천구,713,126.829956,37.533047,20
양천구,714,126.830803,37.532547,10
양천구,716,126.864334,37.517281,15
양천구,719,126.864258,37.530369,10
양천구,720,126.8349,37.516197,10
양천구,722,126.857384,37.521435,10
양천구,723,126.872749,37.529163,15
양천구,724,126.857399,37.510681,15
양천구,725,126.850548,37.524334,15
양천구,726,126.869598,37.534389,15
양천구,729,126.866798,37.51038,10
양천구,731,126.876541,37.5299,10
양천구,732,126.8283,37.539551,10
양천구,733,126.831001,37.514099,10
양천구,734,126.856056,37.51395,10
양천구,735,126.871521,37.53643,10
양천구,736,126.8367,37.52219,10
양천구,737,126.84948,37.52256,10
양천구,739,126.827797,37.536201,15
양천구,740,126.831711,37.536369,10
양천구,741,126.825401,37.53952,10
양천구,742,126.864578,37.550732,10
양천구,743,126.842682,37.5089,10
양천구,744,126.882545,37.543842,10
양천구,745,126.839699,37.522282,10
양천구,746,126.877747,37.536503,10
양천구,747,126.875648,37.53458,10
양천구,748,126.879303,37.530251,15
양천구,749,126.886612,37.537228,10
양천구,750,126.835625,37.512157,10
양천구,752,126.863304,37.542183,10
양천구,754,126.876678,37.541142,10
양천구,755,126.881409,37.537868,10
양천구,756,126.876167,37.52668,10
양천구,757,126.828743,37.514278,10
양천구,758,126.8592,37.514721,10
양천구,759,126.8386,37.524071,10
양천구,760,126.844299,37.506821,10
양천구,762,126.877052,37.524551,10
양천구,763,126.85862,37.511318,10
양천구,764,126.875893,37.531029,30
양천구,765,126.875481,37.524776,10
용산구,800,126.954742,37.532433,15
용산구,802,127.002213,37.541153,10
용산구,803,127.004097,37.538139,10
용산구,805,126.970001,37.536758,9
용산구,806,126.960732,37.533066,20
용산구,807,126.972687,37.552277,10
용산구,808,126.989738,37.520504,10
용산구,809,127.007439,37.530167,10
용산구,810,126.986649,37.53841,10
용산구,811,126.985382,37.53508,20
용산구,812,126.977661,37.53484,20
용산구,813,126.972275,37.533512,20
용산구,815,126.978798,37.518509,20
용산구,816,126.968483,37.530148,15
용산구,817,126.971733,37.533451,9
용산구,818,126.969383,37.544895,15
용산구,819,126.970505,37.541653,12
용산구,820,126.971947,37.549026,10
용산구,822,126.965523,37.522041,10
용산구,823,126.96196,37.54232,10
용산구,825,126.994263,37.520336,15
중구,826,126.968643,37.555367,20
용산구,827,126.97966,37.541885,20
용산구,828,126.972,37.544079,7
용산구,829,126.961693,37.52293,40
용산구,830,126.94857,37.534424,10
용산구,831,126.988564,37.534279,15
용산구,832,126.973465,37.521282,15
용산구,834,126.96138,37.539009,15
용산구,835,126.971542,37.541981,10
용산구,836,126.9515,37.531422,15
용산구,837,127.006729,37.52906,10
용산구,838,126.972389,37.54446,8
용산구,839,127.00145,37.52401,10
용산구,840,126.970268,37.523651,10
용산구,841,126.968872,37.52961,15
용산구,843,126.98867,37.533798,10
용산구,844,126.955162,37.527149,11
용산구,845,126.964378,37.5327,22
용산구,846,126.981041,37.546638,15
은평구,900,126.927696,37.603943,20
은평구,901,126.926956,37.600975,10
은평구,902,126.918221,37.643108,10
은평구,903,126.927391,37.645866,20
은평구,904,126.930702,37.648674,18
은평구,905,126.918999,37.636234,11
은평구,906,126.919579,37.61721,10
은평구,907,126.916862,37.599491,10
은평구,908,126.917351,37.613186,10
은평구,909,126.922882,37.586994,10
은평구,911,126.922935,37.605583,10
은평구,912,126.916946,37.589661,10
은평구,913,126.920128,37.6007,15
은평구,914,126.913651,37.590797,20
은평구,915,126.909897,37.584381,10
은평구,916,126.921326,37.607849,7
은평구,917,126.935349,37.601299,9
은평구,919,126.932503,37.607948,10
은평구,921,126.919029,37.630016,10
은평구,922,126.921967,37.617802,10
은평구,923,126.925636,37.620949,10
은평구,924,126.929581,37.628517,15
은평구,925,126.930977,37.609566,8
은평구,926,126.929665,37.611179,8
은평구,927,126.922523,37.617855,10
은평구,928,126.938042,37.641315,15
은평구,930,126.920303,37.601662,7
은평구,931,126.915337,37.604736,10
은평구,932,126.916397,37.610004,10
은평구,933,126.914879,37.612484,10
은평구,934,126.909599,37.597141,15
은평구,935,126.922112,37.605202,7
은평구,937,126.923798,37.645851,15
은평구,938,126.918457,37.644684,15
은평구,939,126.927422,37.6017,15
은평구,941,126.933701,37.63726,13
은평구,942,126.929283,37.644081,9
은평구,943,126.92865,37.602402,10
은평구,945,126.932343,37.63414,10
은평구,946,126.932884,37.618439,10
은평구,947,126.919991,37.622669,10
은평구,948,126.902351,37.577202,10
은평구,949,126.920807,37.619781,7
은평구,950,126.917351,37.610779,5
은평구,951,126.920593,37.619305,15
은평구,952,126.925247,37.62265,10
은평구,953,126.928818,37.625778,10
은평구,954,126.921478,37.642609,10
은평구,956,126.918159,37.594376,9
은평구,958,126.922813,37.600361,13
은평구,959,126.914558,37.643661,10
은평구,960,126.919456,37.638252,15
은평구,961,126.92981,37.61097,10
은평구,962,126.918907,37.639259,10
은평구,963,126.932579,37.614429,13
은평구,964,126.925041,37.616112,10
은평구,965,126.923187,37.593479,10
은평구,966,126.934677,37.609032,10
은평구,967,126.932419,37.60891,13
은평구,968,126.929413,37.64209,7
은평구,969,126.931877,37.64386,9
은평구,971,126.906548,37.602329,10
강동구,1001,127.124718,37.541805,15
강동구,1002,127.125916,37.545219,10
강동구,1003,127.125458,37.543915,20
강동구,1004,127.12886,37.553349,10
강동구,1006,127.142799,37.55492,15
강동구,1007,127.130646,37.559063,16
강동구,1008,127.127151,37.549549,10
강동구,1009,127.124214,37.538658,20
강동구,1010,127.138344,37.534481,20
강동구,1011,127.135239,37.534771,20
강동구,1012,127.122726,37.536026,15
강동구,1013,127.120926,37.530773,15
강동구,1014,127.142624,37.5508,15
강동구,1015,127.146912,37.550079,13
강동구,1016,127.171158,37.559399,10
강동구,1017,127.145172,37.535473,20
강동구,1018,127.135406,37.524681,20
강동구,1019,127.130028,37.526825,10
강동구,1020,127.126801,37.52829,15
강동구,1021,127.17395,37.564301,15
강동구,1022,127.138031,37.533764,20
강동구,1023,127.17469,37.549999,15
강동구,1024,127.123108,37.529251,10
강동구,1025,127.172546,37.546696,10
강동구,1026,127.155884,37.546631,14
강동구,1027,127.147697,37.535999,20
강동구,1028,127.12278,37.5331,10
강동구,1029,127.125397,37.536541,10
강동구,1030,127.12207,37.527061,15
강동구,1031,127.129898,37.555851,15
강동구,1032,127.136208,37.556728,20
강동구,1033,127.144707,37.557991,10
강동구,1034,127.150749,37.561909,15
강동구,1035,127.155273,37.555016,20
강동구,1036,127.153297,37.551998,10
강동구,1037,127.177612,37.562588,10
강동구,1038,127.174797,37.568668,10
강동구,1039,127.167801,37.561279,7
강동구,1040,127.16346,37.5672,10
강동구,1041,127.153297,37.559196,10
강동구,1042,127.177002,37.568562,10
강동구,1044,127.142601,37.545399,15
강동구,1047,127.137253,37.536381,10
강동구,1048,127.142365,37.531013,10
강동구,1049,127.180267,37.56118,10
강동구,1050,127.135529,37.526695,15
강동구,1051,127.137321,37.554829,15
강동구,1052,127.156822,37.556469,10
강동구,1053,127.164528,37.562538,8
강동구,1054,127.169579,37.560009,10
강동구,1056,127.179092,37.563332,10
강동구,1057,127.173813,37.55579,15
강동구,1058,127.165001,37.553471,12
강동구,1059,127.131752,37.538181,15
강동구,1060,127.132637,37.544659,8
강동구,1061,127.134621,37.546928,10
강동구,1062,127.162621,37.551079,15
강서구,1101,126.798599,37.581612,10
강서구,1102,126.811806,37.573643,10
강서구,1103,126.812195,37.577221,10
강서구,1105,126.812653,37.581623,10
강서구,1106,126.816452,37.573032,10
강서구,1108,126.81015,37.56356,8
강서구,1109,126.810486,37.563347,6
강서구,1110,126.816238,37.562683,10
강서구,1111,126.8218,37.566982,15
강서구,1112,126.824776,37.568577,15
강서구,1113,126.822899,37.573093,15
강서구,1114,126.826279,37.572781,15
강서구,1115,126.86409,37.551666,10
강서구,1117,126.844261,37.558197,10
강서구,1118,126.861458,37.557461,10
강서구,1119,126.867561,37.554253,6
강서구,1120,126.853996,37.565189,10
강서구,1121,126.86438,37.559479,15
강서구,1122,126.863869,37.561932,10
강서구,1123,126.849503,37.57048,15
강서구,1124,126.838287,37.557968,10
강서구,1125,126.836571,37.552914,10
강서구,1126,126.836563,37.548908,7
강서구,1127,126.838547,37.540981,10
강서구,1128,126.840225,37.541412,10
강서구,1129,126.840218,37.542099,7
강서구,1130,126.842621,37.542751,7
강서구,1131,126.845459,37.546444,8
강서구,1132,126.863708,37.551109,10
강서구,1135,126.862549,37.546532,10
강서구,1136,126.862,37.544788,10
강서구,1137,126.86322,37.541431,10
강서구,1139,126.863396,37.537891,8
강서구,1140,126.863609,37.531399,15
강서구,1141,126.84848,37.52906,10
강서구,1145,126.848083,37.528919,10
강서구,1146,126.838257,37.530338,10
강서구,1148,126.84478,37.54147,10
강서구,1149,126.818275,37.567284,13
강서구,1150,126.810478,37.56155,10
강서구,1151,126.823471,37.560234,25
강서구,1152,126.826614,37.558666,10
강서구,1153,126.838097,37.55891,10
강서구,1155,126.848419,37.56926,10
강서구,1157,126.84977,37.550659,8
강서구,1158,126.854813,37.561035,20
강서구,1159,126.846596,37.565853,20
강서구,1160,126.840897,37.56768,20
강서구,1161,126.819664,37.549694,10
강서구,1162,126.820473,37.562679,10
강서구,1163,126.820084,37.570499,10
강서구,1165,126.821648,37.568447,20
강서구,1166,126.842461,37.562569,10
강서구,1167,126.825928,37.553467,15
강서구,1168,126.819069,37.560226,10
강서구,1169,126.874489,37.547199,8
강서구,1170,126.868797,37.549179,11
강서구,1171,126.873161,37.550049,8
강서구,1172,126.86058,37.561249,8
강서구,1173,126.853317,37.556259,15
강서구,1174,126.851471,37.556599,9
강서구,1175,126.857536,37.554379,15
강서구,1177,126.823677,37.55011,10
강서구,1178,126.806168,37.572472,10
강서구,1180,126.82972,37.557468,15
강서구,1181,126.818497,37.551044,10
강서구,1182,126.848808,37.556877,20
강서구,1183,126.853401,37.548321,10
강서구,1184,126.815979,37.55645,15
강서구,1185,126.849472,37.562901,10
강서구,1186,126.816093,37.554729,10
강서구,1187,126.818367,37.55302,15
강서구,1188,126.828339,37.571381,8
강서구,1190,126.826653,37.560501,10
강서구,1191,126.827164,37.560242,9
강서구,1192,126.826759,37.555538,10
강서구,1193,126.832077,37.559471,15
강서구,1194,126.836823,37.563301,10
강서구,1195,126.834312,37.564129,20
강서구,1196,126.835831,37.568241,15
강서구,1197,126.835808,37.560242,20
강서구,1198,126.827438,37.56255,20
강서구,1199,126.836128,37.547821,10
강서구,1200,126.798973,37.578449,10
송파구,1201,127.118546,37.493179,10
송파구,1203,127.120621,37.493729,20
송파구,1204,127.14473,37.493343,10
송파구,1205,127.071373,37.510429,15
송파구,1206,127.078239,37.51128,20
송파구,1207,127.152504,37.499756,10
송파구,1208,127.119789,37.529675,20
송파구,1209,127.104202,37.520451,20
송파구,1210,127.10096,37.513126,30
송파구,1211,127.10778,37.512104,7
송파구,1212,127.112869,37.499413,10
송파구,1213,127.132736,37.50766,20
송파구,1214,127.127647,37.502594,10
송파구,1215,127.131538,37.516571,15
송파구,1217,127.129578,37.479271,15
송파구,1218,127.125839,37.508968,12
송파구,1220,127.084038,37.505692,15
송파구,1221,127.087532,37.5042,10
송파구,1222,127.085052,37.511982,15
송파구,1224,127.078934,37.512169,15
송파구,1226,127.112366,37.520077,10
송파구,1227,127.143822,37.493126,10
송파구,1228,127.146202,37.4977,10
송파구,1229,127.143127,37.490688,15
송파구,1230,127.130592,37.49567,10
송파구,1231,127.09903,37.514088,10
송파구,1232,127.096191,37.512089,10
송파구,1233,127.093369,37.510509,9
송파구,1235,127.088142,37.508339,15
송파구,1239,127.118011,37.480843,20
송파구,1240,127.118568,37.480576,10
송파구,1241,127.119797,37.481239,15
송파구,1242,127.119743,37.48209,15
송파구,1243,127.120163,37.484531,20
송파구,1244,127.122124,37.481537,7
송파구,1245,127.125328,37.479465,10
송파구,1246,127.126328,37.477509,30
송파구,1247,127.123512,37.478821,15
송파구,1248,127.121674,37.513962,20
송파구,1249,127.077347,37.505463,10
송파구,1250,127.110748,37.490047,10
송파구,1251,127.10775,37.505932,10
송파구,1253,127.128181,37.501652,10
송파구,1256,127.125809,37.491131,8
송파구,1257,127.117752,37.4921,20
송파구,1258,127.128998,37.493198,10
송파구,1259,127.126595,37.508984,15
송파구,1260,127.121399,37.506302,8
송파구,1262,127.109718,37.505802,10
송파구,1263,127.137016,37.480541,10
송파구,1264,127.122803,37.538582,8
송파구,1265,127.124802,37.486149,10
송파구,1266,127.120003,37.478809,10
송파구,1267,127.12307,37.51424,15
송파구,1268,127.114197,37.517288,15
송파구,1269,127.091217,37.511944,10
송파구,1271,127.135391,37.499985,15
송파구,1274,127.121048,37.532848,20
송파구,1275,127.139366,37.504589,15
송파구,1277,127.137093,37.503757,8
송파구,1278,127.106796,37.515831,10
송파구,1279,127.154678,37.497517,10
송파구,1280,127.157173,37.495659,20
송파구,1282,127.141479,37.499874,10
송파구,1283,127.131752,37.505455,8
송파구,1285,127.144592,37.47747,15
송파구,1286,127.140671,37.474377,10
송파구,1287,127.141518,37.477531,8
송파구,1288,127.131088,37.487999,15
송파구,1289,127.111092,37.531471,10
송파구,1290,127.137718,37.474659,10
송파구,1291,127.131866,37.521938,10
송파구,1293,127.096558,37.506561,10
송파구,1295,127.100304,37.513962,20
송파구,1296,127.103432,37.508678,10
송파구,1297,127.104118,37.509201,10
송파구,1299,127.136711,37.519878,15
송파구,1300,127.139221,37.506939,15
성북구,1302,127.00631,37.588764,5
성북구,1303,127.012497,37.591694,10
성북구,1304,126.99231,37.594402,15
성북구,1305,127.016434,37.589329,15
성북구,1306,127.006706,37.588448,10
성북구,1308,127.028976,37.582592,18
성북구,1313,127.014648,37.603249,10
성북구,1314,127.011688,37.60244,8
성북구,1315,127.003281,37.607761,10
성북구,1316,127.002838,37.607262,20
성북구,1317,127.006531,37.612774,10
성북구,1318,127.024788,37.603085,10
성북구,1319,127.033272,37.603043,10
성북구,1320,127.035027,37.59827,10
성북구,1321,127.036667,37.593288,15
성북구,1322,127.039276,37.598068,10
성북구,1323,127.040207,37.600433,10
성북구,1325,127.047737,37.605808,10
성북구,1326,127.047318,37.606068,10
성북구,1327,127.050682,37.607342,10
성북구,1328,127.041634,37.602627,10
성북구,1332,127.066093,37.613556,10
성북구,1333,127.059799,37.610523,15
성북구,1334,127.06131,37.612999,10
성북구,1336,127.014008,37.591251,20
성북구,1337,127.017136,37.590382,10
성북구,1338,127.020752,37.586899,15
성북구,1339,127.033508,37.610569,9
성북구,1340,127.053802,37.61956,8
성북구,1342,126.997932,37.592617,15
성북구,1343,127.007378,37.589249,10
성북구,1344,127.013702,37.600288,10
성북구,1346,127.020248,37.608978,15
성북구,1347,127.0215,37.607105,20
성북구,1348,127.022758,37.604752,12
성북구,1349,127.050201,37.623829,10
성북구,1351,127.024193,37.579449,8
성북구,1352,127.017097,37.583881,8
성북구,1353,127.023552,37.60083,8
성북구,1354,127.036194,37.590714,10
성북구,1355,127.018913,37.588699,20
성북구,1357,127.008133,37.612072,20
성북구,1358,127.010582,37.60479,7
성북구,1359,127.045097,37.619801,20
성북구,1360,127.013504,37.603096,10
성북구,1361,127.002121,37.592842,13
성북구,1362,127.019676,37.585098,10
성북구,1363,127.02195,37.583752,15
성북구,1364,127.004089,37.590172,10
성북구,1365,126.999092,37.593361,15
성북구,1366,127.040382,37.59972,10
성북구,1367,127.02256,37.603512,15
성북구,1368,127.020103,37.59148,10
성북구,1369,127.030029,37.609131,15
성북구,1370,126.995209,37.59454,20
성북구,1372,127.03196,37.586559,15
성북구,1373,127.038979,37.602291,8
성북구,1375,127.037376,37.603909,20
중랑구,1401,127.076363,37.614738,15
중랑구,1402,127.102333,37.600071,10
중랑구,1403,127.076576,37.59425,15
중랑구,1404,127.080032,37.595299,10
중랑구,1405,127.092949,37.599098,10
중랑구,1406,127.108269,37.606251,10
중랑구,1407,127.077888,37.611511,10
중랑구,1408,127.077477,37.610722,10
중랑구,1410,127.090187,37.577782,10
중랑구,1411,127.086739,37.592541,10
중랑구,1412,127.087067,37.590961,10
중랑구,1413,127.090309,37.617561,10
중랑구,1414,127.088432,37.581646,10
중랑구,1416,127.085999,37.595219,10
중랑구,1418,127.110542,37.617989,15
중랑구,1420,127.096764,37.614231,15
중랑구,1421,127.103378,37.612461,20
중랑구,1422,127.106461,37.620098,10
중랑구,1424,127.107742,37.606312,10
중랑구,1425,127.09597,37.58746,10
중랑구,1426,127.086823,37.573589,15
중랑구,1427,127.086914,37.574299,10
중랑구,1428,127.085968,37.616024,10
중랑구,1429,127.080002,37.599957,15
중랑구,1430,127.092598,37.606152,20
중랑구,1431,127.095451,37.606499,10
중랑구,1433,127.079582,37.602077,10
중랑구,1434,127.082367,37.579868,15
중랑구,1435,127.100792,37.608681,15
중랑구,1436,127.100632,37.605881,15
중랑구,1437,127.079926,37.58342,15
중랑구,1438,127.093483,37.616169,15
중랑구,1440,127.08007,37.586372,10
중랑구,1441,127.110733,37.616711,15
중랑구,1442,127.079819,37.598591,8
중랑구,1443,127.098778,37.59552,10
중랑구,1444,127.080612,37.5742,10
중랑구,1445,127.079399,37.579941,10
중랑구,1446,127.08033,37.591301,10
중랑구,1447,127.08728,37.588902,15
중랑구,1448,127.089798,37.597321,15
중랑구,1449,127.085838,37.596558,15
중랑구,1450,127.085014,37.619625,10
중랑구,1451,127.07267,37.592758,10
중랑구,1452,127.07505,37.585655,15
중랑구,1453,127.109253,37.604603,9
중랑구,1454,127.07859,37.607349,10
중랑구,1455,127.085899,37.596329,10
중랑구,1456,127.100327,37.595112,10
중랑구,1457,127.093239,37.58976,10
중랑구,1458,127.093239,37.58976,9
중랑구,1459,127.093086,37.59734,10
강북구,1501,127.026482,37.62608,9
강북구,1503,127.026756,37.639278,12
강북구,1504,127.018623,37.624157,10
강북구,1506,127.013359,37.640327,20
강북구,1509,127.035751,37.634377,10
강북구,1510,127.035515,37.633717,10
강북구,1511,127.036034,37.631123,9
강북구,1512,127.026566,37.644737,20
강북구,1513,127.025124,37.639648,20
강북구,1514,127.028358,37.638805,10
강북구,1515,127.024048,37.618286,10
강북구,1516,127.015907,37.638706,10
강북구,1518,127.016167,37.643085,10
강북구,1519,127.015617,37.645451,10
강북구,1520,127.022789,37.639862,10
강북구,1522,127.012756,37.654472,10
강북구,1525,127.026695,37.62714,10
강북구,1526,127.024628,37.641739,8
강북구,1527,127.026054,37.627335,10
강북구,1528,127.020699,37.615036,10
강북구,1529,127.02491,37.63018,15
강북구,1530,127.022346,37.643551,10
강북구,1531,127.030251,37.613956,10
강북구,1532,127.047447,37.626354,10
강북구,1533,127.040916,37.629917,10
강북구,1534,127.044533,37.619637,20
강북구,1535,127.023376,37.636292,10
강북구,1536,127.032173,37.636261,20
강북구,1537,127.012428,37.663666,10
강북구,1538,127.013138,37.656158,8
강북구,1539,127.013451,37.649673,10
강북구,1540,127.016884,37.64167,10
강북구,1541,127.018059,37.62653,10
강북구,1542,127.02037,37.621552,10
강북구,1543,127.017738,37.630188,10
강북구,1545,127.01368,37.62038,10
강북구,1546,127.029701,37.615459,10
강북구,1547,127.03624,37.618641,15
강북구,1548,127.037811,37.622688,15
노원구,1601,127.064468,37.615299,20
노원구,1602,127.061897,37.622662,15
노원구,1603,127.05014,37.624859,10
노원구,1605,127.061615,37.631622,10
노원구,1606,127.074928,37.619171,10
노원구,1608,127.072754,37.626614,10
노원구,1610,127.083641,37.620369,20
노원구,1611,127.076553,37.62994,20
노원구,1616,127.068329,37.635109,10
노원구,1617,127.063271,37.63715,20
노원구,1619,127.076408,37.649021,10
노원구,1620,127.070221,37.648209,10
노원구,1623,127.066292,37.638649,20
노원구,1625,127.072968,37.66,20
노원구,1627,127.055099,37.676941,14
노원구,1628,127.055252,37.673618,10
노원구,1630,127.055504,37.67625,10
노원구,1634,127.077591,37.669079,15
노원구,1635,127.08316,37.67271,11
노원구,1636,127.061768,37.649212,10
노원구,1637,127.0634,37.654701,15
노원구,1639,127.055069,37.680313,10
노원구,1640,127.068489,37.623863,10
노원구,1641,127.069511,37.621555,15
노원구,1642,127.088493,37.625435,7
노원구,1643,127.075211,37.617367,10
노원구,1646,127.107903,37.638489,20
노원구,1650,127.065102,37.63958,20
노원구,1651,127.055992,37.672375,20
노원구,1652,127.05558,37.68,10
노원구,1653,127.063622,37.6562,10
노원구,1654,127.075447,37.663792,15
노원구,1655,127.07016,37.631111,15
노원구,1656,127.067436,37.654999,10
노원구,1657,127.057327,37.654049,10
노원구,1659,127.071602,37.65033,10
노원구,1660,127.076622,37.642071,8
노원구,1661,127.065605,37.649639,10
노원구,1662,127.059151,37.654114,15
노원구,1663,127.057854,37.619381,20
노원구,1664,127.070442,37.649361,10
노원구,1665,127.076424,37.647335,10
노원구,1666,127.071777,37.655781,10
노원구,1667,127.074387,37.654499,10
노원구,1668,127.063263,37.645306,10
노원구,1669,127.064987,37.643757,9
노원구,1670,127.071838,37.64341,15
노원구,1671,127.054825,37.629349,15
노원구,1672,127.053452,37.687965,15
노원구,1673,127.060974,37.653976,10
노원구,1674,127.058083,37.653549,15
노원구,1675,127.05513,37.626942,14
노원구,1677,127.0905,37.623165,10
노원구,1678,127.064445,37.648438,15
노원구,1679,127.106667,37.64283,15
노원구,1680,127.108383,37.642654,10
노원구,1681,127.08226,37.645802,12
노원구,1682,127.077606,37.656799,13
노원구,1683,127.080887,37.650459,10
노원구,1684,127.07563,37.61832,20
노원구,1685,127.080482,37.64819,8
노원구,1686,127.058052,37.66114,10
노원구,1688,127.057297,37.665661,9
노원구,1689,127.057892,37.665249,10
노원구,1690,127.059311,37.65773,10
노원구,1691,127.065331,37.660709,10
노원구,1692,127.05056,37.646172,10
도봉구,1702,127.05056,37.646172,10
도봉구,1703,127.045197,37.68972,15
도봉구,1705,127.046516,37.669224,15
도봉구,1706,127.042671,37.665665,10
도봉구,1707,127.038513,37.654461,15
도봉구,1708,127.039848,37.65683,8
도봉구,1709,127.035347,37.650127,15
도봉구,1712,127.050201,37.654049,15
도봉구,1713,127.025879,37.647266,10
도봉구,1714,127.044609,37.64463,10
도봉구,1715,127.012787,37.653179,20
도봉구,1716,127.050728,37.654202,10
도봉구,1717,127.050102,37.655708,15
도봉구,1719,127.043991,37.673283,10
도봉구,1720,127.047981,37.668671,20
도봉구,1721,127.046997,37.653015,12
도봉구,1722,127.050049,37.657799,15
도봉구,1723,127.027718,37.662079,10
도봉구,1725,127.043312,37.647503,10
도봉구,1726,127.03521,37.658588,8
도봉구,1727,127.040764,37.678677,15
도봉구,1728,127.046242,37.677666,15
도봉구,1729,127.045792,37.68401,10
도봉구,1730,127.045502,37.687592,10
도봉구,1731,127.042557,37.6875,15
도봉구,1732,127.042999,37.667599,10
도봉구,1733,127.041939,37.662979,12
도봉구,1734,127.032669,37.65815,10
도봉구,1735,127.044983,37.679119,13
도봉구,1736,127.037064,37.652241,12
도봉구,1737,127.038834,37.639702,8
도봉구,1738,127.052742,37.646309,10
도봉구,1739,127.041176,37.638859,5
도봉구,1741,127.032982,37.645199,15
도봉구,1742,127.023018,37.648891,10
금천구,1804,126.888718,37.46653,10
금천구,1805,126.877769,37.482288,10
금천구,1806,126.878639,37.486214,10
금천구,1808,126.884941,37.473209,20
금천구,1809,126.885155,37.470779,10
금천구,1812,126.887299,37.479031,10
금천구,1814,126.894127,37.47422,8
금천구,1816,126.903831,37.446861,20
금천구,1819,126.895927,37.456478,10
금천구,1820,126.903358,37.44334,10
금천구,1821,126.902115,37.451458,10
금천구,1822,126.900909,37.452991,10
금천구,1823,126.89859,37.458912,20
금천구,1824,126.883728,37.46455,15
금천구,1825,126.891052,37.4547,10
금천구,1826,126.888344,37.456841,20
금천구,1827,126.893143,37.455849,20
금천구,1828,126.898888,37.475319,10
금천구,1829,126.897202,37.469139,10
금천구,1830,126.895073,37.47023,15
금천구,1831,126.897957,37.4725,10
금천구,1833,126.890282,37.466541,10
금천구,1834,126.879044,37.479084,15
금천구,1835,126.88443,37.47707,10
금천구,1836,126.908142,37.467403,7
금천구,1839,126.885185,37.477058,20
금천구,1840,126.888069,37.475101,20
금천구,1841,126.891869,37.476952,10
금천구,1842,126.90686,37.462574,15
금천구,1843,126.911133,37.477097,10
금천구,1845,126.892189,37.460289,15
금천구,1846,126.896042,37.460171,15
금천구,1847,126.8871,37.461033,10
금천구,1848,126.885391,37.476276,10
금천구,1849,126.88694,37.481354,10
금천구,1850,126.886368,37.48016,10
금천구,1851,126.881485,37.481232,10
금천구,1852,126.913399,37.451771,10
금천구,1853,126.895866,37.472481,10
금천구,1854,126.897408,37.47818,10
금천구,1855,126.897621,37.451321,10
금천구,1856,126.907372,37.478409,10
금천구,1857,126.887093,37.46056,15
금천구,1858,126.902687,37.437271,10
구로구,1901,126.87973,37.507332,10
구로구,1904,126.882874,37.51424,10
구로구,1906,126.890099,37.50972,20
구로구,1907,126.876259,37.489632,12
구로구,1908,126.872162,37.495285,10
구로구,1910,126.884377,37.497505,5
구로구,1911,126.901321,37.48494,10
구로구,1912,126.890663,37.4888,10
구로구,1913,126.892151,37.491032,10
구로구,1914,126.893921,37.494591,10
구로구,1916,126.889984,37.494141,10
구로구,1920,126.888298,37.504379,10
구로구,1924,126.895096,37.478741,10
구로구,1925,126.867699,37.499889,20
구로구,1928,126.868401,37.49947,10
구로구,1929,126.85276,37.505135,10
구로구,1930,126.853729,37.497684,7
구로구,1931,126.858253,37.494995,10
구로구,1933,126.84687,37.501583,10
구로구,1936,126.859215,37.494282,10
구로구,1937,126.852013,37.486061,15
구로구,1941,126.844055,37.493938,10
구로구,1943,126.824524,37.49279,10
구로구,1946,126.880386,37.503117,10
구로구,1951,126.8395,37.480289,20
구로구,1952,126.845726,37.482105,15
구로구,1953,126.839211,37.486385,20
구로구,1955,126.901039,37.482883,10
구로구,1956,126.88205,37.51001,10
구로구,1957,126.874329,37.493401,15
구로구,1958,126.890121,37.495781,10
구로구,1959,126.889587,37.496456,10
구로구,1960,126.889481,37.50285,10
구로구,1961,126.891304,37.508194,15
구로구,1962,126.892799,37.481602,15
구로구,1964,126.864502,37.49789,10
구로구,1965,126.859192,37.497231,15
구로구,1966,126.863098,37.496498,10
구로구,1967,126.844337,37.505138,10
구로구,1968,126.847504,37.498482,12
구로구,1969,126.828964,37.501904,10
구로구,1971,126.826393,37.490723,10
구로구,1973,126.836494,37.488598,10
구로구,1974,126.882538,37.50518,10
구로구,1975,126.894737,37.49258,10
구로구,1976,126.886703,37.48568,10
구로구,1977,126.838821,37.48621,15
구로구,1979,126.873772,37.492031,10
구로구,1981,126.842697,37.479431,10
구로구,1983,126.883881,37.502548,10
구로구,1984,126.888474,37.495266,10
구로구,1985,126.891991,37.498516,20
구로구,1986,126.895187,37.484859,15
구로구,1987,126.860931,37.490341,15
구로구,1988,126.860786,37.50605,20
구로구,1991,126.844963,37.496761,10
구로구,1992,126.83242,37.491798,19
구로구,1993,126.834198,37.48938,10
구로구,1994,126.87178,37.496998,10
구로구,1996,126.87101,37.495399,20
구로구,1998,126.871521,37.498569,8
동작구,2002,126.952072,37.512959,20
동작구,2003,126.948059,37.513359,10
동작구,2007,126.934242,37.512939,20
동작구,2008,126.92807,37.509369,10
동작구,2009,126.921082,37.500076,10
동작구,2012,126.906227,37.488361,10
동작구,2013,126.939362,37.505852,30
동작구,2015,126.929565,37.499855,10
동작구,2016,126.927094,37.499645,10
동작구,2020,126.938988,37.504498,10
동작구,2024,126.948204,37.502178,10
동작구,2025,126.963615,37.50938,15
동작구,2026,126.963249,37.509056,10
동작구,2027,126.959152,37.507042,15
동작구,2028,126.971428,37.48447,10
동작구,2032,126.981621,37.485508,10
동작구,2033,126.981583,37.481491,10
동작구,2034,126.980576,37.476891,20
동작구,2036,126.982391,37.494705,20
동작구,2037,126.97715,37.503189,20
동작구,2038,126.976089,37.503181,10
동작구,2040,126.969078,37.506359,10
동작구,2041,126.968048,37.486835,10
동작구,2048,126.974213,37.488453,10
동작구,2050,126.939972,37.513248,10
동작구,2054,126.944847,37.510548,10
동작구,2056,126.916527,37.494499,10
동작구,2057,126.94175,37.500881,10
동작구,2058,126.943527,37.513523,10
동작구,2059,126.917793,37.497078,10
동작구,2060,126.97155,37.484631,10
동작구,2061,126.969231,37.505928,10
동작구,2062,126.967842,37.486652,10
동작구,2063,126.926613,37.512901,15
동작구,2064,126.966179,37.505356,10
동작구,2065,126.927086,37.51199,15
동작구,2066,126.907112,37.489399,10
동작구,2067,126.919868,37.497669,10
동작구,2068,126.966476,37.488159,12
동작구,2069,126.953682,37.496601,7
동작구,2070,126.943069,37.51392,12
관악구,2102,126.926392,37.48423,20
관악구,2103,126.919273,37.489178,10
관악구,2104,126.981331,37.476089,13
관악구,2105,126.914604,37.480251,12
관악구,2106,126.918404,37.473728,12
관악구,2107,126.936455,37.475471,25
관악구,2108,126.943199,37.483341,20
관악구,2109,126.935829,37.486225,15
관악구,2110,126.902031,37.483192,9
관악구,2111,126.953316,37.480869,10
관악구,2112,126.950645,37.481339,15
관악구,2113,126.9039,37.484661,10
관악구,2115,126.90284,37.479916,15
관악구,2116,126.950829,37.481705,9
관악구,2119,126.954697,37.484257,10
관악구,2122,126.960495,37.478058,20
관악구,2127,126.919479,37.464886,10
관악구,2128,126.952583,37.479164,12
관악구,2129,126.958145,37.469055,10
관악구,2130,126.958763,37.47197,15
관악구,2135,126.928909,37.484409,9
관악구,2136,126.929916,37.484577,10
관악구,2137,126.936531,37.484901,10
관악구,2139,126.937019,37.471165,10
관악구,2140,126.931862,37.478428,12
관악구,2141,126.933411,37.472294,12
관악구,2143,126.9422,37.470695,10
관악구,2144,126.916756,37.477776,15
관악구,2145,126.942924,37.486359,12
관악구,2148,126.963394,37.477028,10
관악구,2153,126.920563,37.485142,10
관악구,2156,126.909325,37.480721,12
관악구,2157,126.915237,37.4818,10
관악구,2159,126.959229,37.47509,10
관악구,2160,126.951591,37.478855,15
관악구,2164,126.932877,37.484768,8
관악구,2165,126.965363,37.476482,10
관악구,2167,126.964958,37.476295,12
관악구,2169,126.942131,37.482189,7
관악구,2170,126.912033,37.481529,10
관악구,2171,126.952003,37.481548,17
관악구,2172,126.944511,37.469406,20
관악구,2173,126.927467,37.48975,10
관악구,2174,126.928482,37.488564,10
관악구,2175,126.928703,37.487301,10
관악구,2176,126.916382,37.488991,15
관악구,2177,126.913017,37.487129,19
관악구,2178,126.948807,37.46682,15
관악구,2179,126.946159,37.482189,10
관악구,2180,126.927788,37.487511,10
관악구,2183,126.933922,37.471828,20
관악구,2184,126.945923,37.489491,10
서초구,2201,127.051483,37.453281,20
서초구,2202,127.054375,37.448936,20
서초구,2203,127.055016,37.447659,20
서초구,2205,127.05938,37.453751,15
서초구,2206,127.062309,37.454399,20
서초구,2207,127.064926,37.454407,9
서초구,2210,127.013107,37.505096,15
서초구,2211,127.012314,37.502636,10
서초구,2212,127.017929,37.500961,20
서초구,2213,127.002258,37.502232,20
서초구,2214,126.99749,37.504116,15
서초구,2215,126.995476,37.501713,10
서초구,2217,127.005959,37.513046,20
서초구,2219,127.003944,37.506199,20
서초구,2220,126.98616,37.500614,10
서초구,2221,126.994682,37.485611,15
서초구,2222,126.982033,37.478069,10
서초구,2223,126.983009,37.47261,20
서초구,2225,126.995247,37.473759,15
서초구,2226,127.001389,37.475182,15
서초구,2227,126.992523,37.489052,15
서초구,2228,126.986725,37.489586,20
서초구,2229,126.984962,37.487011,10
서초구,2230,126.982628,37.485828,20
서초구,2231,127.024963,37.496914,15
서초구,2233,127.022957,37.491112,20
서초구,2235,127.002701,37.482159,15
서초구,2237,127.01487,37.484558,20
서초구,2239,127.013786,37.494217,10
서초구,2241,127.041702,37.485378,10
서초구,2242,127.03418,37.48399,20
서초구,2243,127.036728,37.481491,15
서초구,2244,127.03891,37.477852,20
서초구,2245,127.03051,37.473614,20
서초구,2246,127.029007,37.4692,15
서초구,2247,127.026619,37.462639,25
서초구,2248,127.024742,37.459953,10
서초구,2249,127.019348,37.456234,10
서초구,2250,127.016289,37.455799,10
서초구,2251,127.034477,37.467506,10
서초구,2252,127.036041,37.463322,25
서초구,2255,127.038857,37.47044,25
서초구,2256,127.040359,37.46769,10
서초구,2257,127.046112,37.462688,10
서초구,2258,127.050591,37.471539,20
서초구,2259,127.011177,37.512989,15
서초구,2262,127.00959,37.516598,20
서초구,2263,127.02684,37.471928,20
서초구,2264,126.982574,37.488556,9
서초구,2265,126.982994,37.494106,25
서초구,2266,127.008163,37.49054,15
서초구,2268,127.02227,37.502319,10
서초구,2269,127.016052,37.510349,10
서초구,2270,127.057739,37.448967,10
서초구,2271,126.994293,37.487865,8
서초구,2272,127.010582,37.487309,10
서초구,2273,127.038269,37.477829,10
서초구,2274,127.039612,37.46965,10
서초구,2275,127.048798,37.461578,10
서초구,2276,127.038902,37.474388,15
서초구,2277,127.015282,37.51487,10
서초구,2279,127.014183,37.493618,10
서초구,2280,127.010971,37.484161,10
서초구,2281,126.986282,37.475979,7
서초구,2282,127.005836,37.477203,15
서초구,2283,126.989166,37.486526,10
서초구,2284,126.986801,37.468102,10
서초구,2285,127.022652,37.457424,15
서초구,2286,127.055885,37.458549,10
서초구,2287,127.067101,37.45562,10
서초구,2288,127.064453,37.455608,10
서초구,2289,126.988525,37.464298,10
서초구,2290,126.999413,37.499413,10
서초구,2292,127.027016,37.488243,15
서초구,2293,127.036995,37.484798,10
서초구,2294,127.046242,37.475906,15
서초구,2297,127.015923,37.485672,10
서초구,2298,127.021606,37.502411,12
서초구,2299,127.028061,37.486469,12
강남구,2301,127.02179,37.524071,10
강남구,2302,127.024277,37.505581,10
강남구,2303,127.021477,37.511517,15
강남구,2304,127.035835,37.512527,10
강남구,2305,127.034508,37.520641,10
강남구,2306,127.028717,37.527122,30
강남구,2307,127.038559,37.528614,10
강남구,2308,127.035599,37.529301,14
강남구,2309,127.049385,37.518902,10
강남구,2310,127.040176,37.523613,10
강남구,2311,127.043022,37.517773,10
강남구,2312,127.056328,37.52058,10
강남구,2313,127.052467,37.525116,10
강남구,2314,127.061035,37.521275,10
강남구,2315,127.061119,37.514248,10
강남구,2316,127.063408,37.509575,10
강남구,2317,127.0662,37.515888,10
강남구,2318,127.055031,37.513577,15
강남구,2319,127.05468,37.506607,10
강남구,2320,127.056969,37.491928,10
강남구,2321,127.069443,37.496117,10
강남구,2322,127.063103,37.508091,15
강남구,2323,127.067207,37.502213,10
강남구,2324,127.066223,37.500439,10
강남구,2325,127.059319,37.49865,10
강남구,2326,127.0588,37.502396,10
강남구,2327,127.031464,37.490551,15
강남구,2328,127.042641,37.503586,10
강남구,2329,127.04319,37.502357,10
강남구,2330,127.039459,37.492199,10
강남구,2331,127.044601,37.498051,20
강남구,2332,127.049088,37.503998,8
강남구,2333,127.034073,37.485157,15
강남구,2334,127.045898,37.493759,15
강남구,2335,127.046761,37.486767,10
강남구,2336,127.047462,37.494236,10
강남구,2337,127.071976,37.492077,15
강남구,2339,127.052299,37.483261,10
강남구,2340,127.045174,37.477509,15
강남구,2341,127.084938,37.483311,10
강남구,2342,127.079514,37.494007,10
강남구,2343,127.107727,37.465317,10
강남구,2344,127.101196,37.465061,10
강남구,2347,127.0354,37.518639,15
강남구,2348,127.056854,37.507233,20
강남구,2349,127.037849,37.5014,10
강남구,2350,127.047905,37.494823,10
강남구,2351,127.089027,37.483879,15
강남구,2352,127.035027,37.51759,10
강남구,2353,127.040474,37.516811,10
강남구,2354,127.056763,37.519787,5
강남구,2355,127.062309,37.509121,20
강남구,2356,127.047119,37.51807,10
강남구,2357,127.04277,37.501949,15
강남구,2358,127.053917,37.481384,10
강남구,2359,127.050377,37.475605,10
강남구,2360,127.041389,37.492809,15
강남구,2361,127.028259,37.526844,10
강남구,2362,127.022453,37.517635,10
강남구,2363,127.027466,37.51918,15
강남구,2364,127.031898,37.52124,10
강남구,2365,127.038475,37.5233,15
강남구,2368,127.041298,37.489342,10
강남구,2369,127.052872,37.505428,20
강남구,2370,127.054298,37.496552,20
강남구,2371,127.035133,37.514748,10
강남구,2372,127.063797,37.494499,10
강남구,2373,127.065575,37.489277,20
강남구,2375,127.100998,37.48735,10
강남구,2376,127.100517,37.486778,20
강남구,2377,127.102753,37.486835,10
강남구,2380,127.049347,37.511696,15
강남구,2381,127.034523,37.506367,8
강남구,2382,127.050468,37.501343,11
강남구,2383,127.094887,37.466328,10
강남구,2384,127.105942,37.476028,10
강남구,2385,127.030151,37.51395,10
강남구,2386,127.040909,37.509586,10
강남구,2387,127.096077,37.472454,10
강남구,2388,127.051613,37.516785,10
강남구,2389,127.067238,37.48616,15
강남구,2390,127.064774,37.479568,10
강남구,2391,127.064278,37.479328,10
강남구,2392,127.05545,37.474579,15
강남구,2393,127.051338,37.472,10
강남구,2394,127.055397,37.479092,10
강남구,2395,127.055733,37.47929,10
강남구,2396,127.051048,37.485741,15
강남구,2398,127.039452,37.50811,10
강남구,2401,127.082672,37.486561,15
강남구,2403,127.074539,37.48872,15
강남구,2404,127.073158,37.49181,10
강남구,2405,127.05085,37.518711,20
강남구,2406,127.023643,37.51757,10
강남구,2407,127.030113,37.49847,10
강남구,2408,127.113274,37.477341,14
강남구,2409,127.030746,37.492062,10
강남구,2410,127.033752,37.499599,10
강남구,2411,127.112228,37.472969,15
강남구,2412,127.088211,37.491791,15
서초구,2501,127.05706,37.450661,10
서초구,2502,127.008553,37.491951,9
서초구,2503,127.021362,37.503811,10
서초구,2504,127.019302,37.515881,10
서초구,2505,127.029533,37.493259,12
서초구,2506,126.990677,37.479092,10
서초구,2508,127.042259,37.482979,10
서초구,2509,126.992462,37.498371,16
송파구,2601,127.098831,37.506748,10
송파구,2603,127.130341,37.480801,10
송파구,2604,127.111282,37.531311,10
송파구,2605,127.12709,37.471298,15
송파구,2606,127.143227,37.481739,10
송파구,2607,127.127113,37.47065,15
송파구,2608,127.106194,37.514359,10
송파구,2609,127.135201,37.520489,10
송파구,2610,127.106377,37.510441,10
송파구,2611,127.11618,37.536331,7
송파구,2612,127.109299,37.489071,10
송파구,2613,127.090492,37.516781,8
송파구,2614,127.117233,37.501862,15
송파구,2615,127.120781,37.48835,15
송파구,2616,127.140106,37.496078,20
송파구,2617,127.138031,37.496181,15
송파구,2618,127.087563,37.504711,15
송파구,2619,127.096443,37.502338,11
송파구,2620,127.112312,37.509979,15
송파구,2621,127.116257,37.516659,15
송파구,2622,127.130592,37.516258,10
강서구,2701,126.827316,37.565201,15
강서구,2702,126.819443,37.56918,20
서대문구,3100,126.952156,37.557629,8
서대문구,3101,126.936096,37.578381,15
서대문구,3102,126.931725,37.567966,10
서대문구,3103,126.94677,37.5867,8
서대문구,3104,126.956207,37.558128,13
서대문구,3105,126.93853,37.597149,12
서대문구,3106,126.926147,37.574909,7
서대문구,3107,126.933327,37.56974,7
광진구,3500,127.079697,37.557587,10
광진구,3501,127.083,37.539501,10
광진구,3502,127.084297,37.565659,15
광진구,3503,127.108955,37.550488,20
광진구,3504,127.076599,37.538052,8
광진구,3505,127.068398,37.535221,12
광진구,3506,127.061096,37.537014,10
광진구,3507,127.078003,37.545952,25
광진구,3508,127.067879,37.548222,10
광진구,3509,127.073196,37.553417,20
광진구,3510,127.08625,37.568649,10
성동구,3511,127.035103,37.55125,10
성동구,3513,127.029198,37.56461,10
성동구,3514,127.023697,37.566261,10
성동구,3515,127.042084,37.542816,20
광진구,3516,127.093246,37.543705,10
광진구,3517,127.082275,37.562527,10
광진구,3518,127.07914,37.556862,8
성동구,3519,127.051308,37.562607,10
광진구,3520,127.084084,37.542519,10
광진구,3521,127.096619,37.543427,10
성동구,3522,127.048851,37.561245,9
광진구,3523,127.08017,37.541718,10
광진구,3524,127.073822,37.550236,15
성동구,3525,127.02507,37.546089,15
성동구,3527,127.024391,37.56179,8
광진구,3528,127.110512,37.550598,8
광진구,3529,127.075928,37.549789,15
성동구,3530,127.02636,37.560146,15
성동구,3531,127.024841,37.554779,15
성동구,3532,127.026779,37.56068,15
광진구,3533,127.070618,37.539139,10
광진구,3534,127.069283,37.540138,12
광진구,3535,127.087517,37.559158,10
광진구,3536,127.080742,37.531811,10
광진구,3537,127.093758,37.548489,15
성동구,3538,127.044762,37.550892,14
강동구,3539,127.132843,37.56382,10
광진구,3541,127.089958,37.54504,17
광진구,3542,127.089958,37.54504,17
